request_id,conversation_id,send_time,ttft_time,total_time,tokens_in,tokens_out,ttft,tpot
158f8249-c114-4e59-ba21-da266a561d93,ar-dist-0884,3756032.281931295,3756033.166851565,3756033.642573965,3901,36,0.884920269716531,0.4757224000059068
2319aea2-7748-4536-b2d3-63d27c11f8dc,ar-dist-0637,3756032.505513686,3756033.2790083564,3756033.9724876103,3901,45,0.7734946701675653,0.6934792539104819
b4827284-ed8d-4a75-863d-63fa26bc3414,ar-dist-0126,3756032.6158437,3756033.3468412864,3756033.9726686096,1501,38,0.7309975866228342,0.625827323179692
aec781b2-07df-4e24-8c3c-8fe38ecc2232,ar-dist-0636,3756032.473015685,3756033.2036499605,3756034.16826598,3901,50,0.7306342753581703,0.964616019744426
2a7e9535-785c-4c28-a706-993e40bb74b3,ar-dist-0174,3756032.949229078,3756033.504670139,3756034.586269759,2501,54,0.5554410610347986,1.0815996201708913
5dbc9f18-bb8c-40a4-9d84-c0a4384a33f0,ar-dist-0222,3756033.171361761,3756033.641944223,3756034.860763763,2501,51,0.47058246191591024,1.2188195399940014
94abcd97-7e8c-4402-b974-71aef4c5aabb,ar-dist-0698,3756033.393420073,3756034.071039482,3756035.05941242,3901,43,0.6776194088160992,0.9883729377761483
e67dfbae-d7dc-499a-916f-2b87621f6bb8,ar-dist-0325,3756033.059829463,3756033.642356666,3756035.2163263275,3251,57,0.5825272030197084,1.5739696617238224
c0e8f249-8013-4aee-bc2b-174c3c0ad9fd,ar-dist-0746,3756033.615213163,3756034.3263754435,3756035.2164224284,3901,43,0.7111622802913189,0.8900469848886132
4ff93e4a-ff2a-4088-8da6-57fc87ae0f7c,ar-dist-0610,3756033.838037065,3756034.585275275,3756035.411349213,3741,44,0.7472382099367678,0.826073938049376
1fbc913f-95a7-443d-8570-385daad3fbd7,ar-dist-0526,3756033.50494733,3756034.2502839845,3756035.4561391426,3741,40,0.7453366545960307,1.2058551581576467
43899a3f-249f-41e3-83d7-cf506c59c678,ar-dist-0701,3756034.170723128,3756034.955812492,3756035.456201455,3901,33,0.785089363809675,0.5003889631479979
27cb5fa9-fc40-4d07-9773-0d3b5d810dee,ar-dist-0583,3756032.726990496,3756033.378846653,3756035.509670864,3741,73,0.6518561569973826,2.1308242110535502
b1811d8b-9539-492c-ad43-b23f1e8a32da,ar-dist-0236,3756034.061163818,3756034.762018781,3756035.509737775,2501,43,0.700854963157326,0.7477189940400422
258a1808-c6d0-4111-b235-90c0a16fb325,ar-dist-0357,3756033.72680191,3756034.508711338,3756035.5625410317,3741,48,0.7819094280712306,1.0538296937011182
3ea91a75-e2c1-44da-85c3-76a247efc424,ar-dist-0331,3756033.948492708,3756034.664644724,3756035.7011769763,3741,53,0.7161520160734653,1.0365322520956397
c4a7f239-02cf-4075-80ad-918679e3108e,ar-dist-0256,3756033.282462027,3756033.8922742787,3756035.701243626,3251,72,0.6098122517578304,1.8089693472720683
1d2e94a2-40ee-4b5b-aceb-b6f02542c2e9,ar-dist-0944,3756034.504389744,3756035.309859183,3756035.725176217,3901,46,0.8054694393649697,0.4153170338831842
6c70089e-2884-4cbd-9bfb-3ff013eb5f60,ar-dist-0180,3756034.838356346,3756035.417128231,3756035.725255325,2501,44,0.5787718850187957,0.30812709406018257
badf472e-2d2c-424c-8867-6d730db0378d,ar-dist-0220,3756032.837852511,3756033.462490105,3756035.744111669,2501,79,0.6246375939808786,2.2816215637139976
cea1d6ee-eafc-445d-9bd4-1de5eb3aef52,ar-dist-0723,3756034.282703896,3756035.058433257,3756035.7442145,3901,56,0.7757293609902263,0.6857812427915633
27d62d5e-d3f0-459e-9a1b-973089e23129,ar-dist-0324,3756034.393677021,3756035.214098122,3756035.834492354,3251,61,0.8204211010597646,0.6203942322172225
11e28a1f-5292-4005-b937-11f01887079c,ar-dist-0383,3756034.615728508,3756035.3665998513,3756035.8346349234,3741,62,0.7508713430725038,0.4680350720882416
6dabe3e2-4406-4db0-a680-e0f850b733f1,ar-dist-0031,3756035.171086626,3756035.5123504433,3756035.849708163,851,54,0.34126381715759635,0.3373577198944986
0a12e4ed-1cfe-4252-8c34-3e689eb1f96a,ar-dist-0883,3756035.504682267,3756035.780564942,3756035.895934429,3901,34,0.2758826748467982,0.11536948708817363
b5e6672a-6197-4a72-8ae4-1ec00c1a54ce,ar-dist-0276,3756035.059657881,3756035.512660865,3756035.89609347,3251,44,0.4530029841698706,0.38343260483816266
5c15a044-cb09-474e-bd21-d2d095ee934b,ar-dist-0254,3756034.94928877,3756035.5083324,3756035.896126529,3251,49,0.5590436300262809,0.3877941290847957
ab759086-922b-4e42-b0a0-3bb264cb6c4f,ar-dist-0213,3756035.394305366,3756035.700383873,3756036.2884494644,2501,63,0.3060785070993006,0.5880655911751091
cc18f49f-7b45-4a86-87b6-0c43a9162163,ar-dist-0172,3756035.281995529,3756035.522073505,3756036.299009499,2501,60,0.24007797613739967,0.7769359941594303
766e06ba-5805-44ba-a432-cdbf64f8078b,ar-dist-0709,3756034.726462631,3756035.409555608,3756036.4203275847,3901,74,0.6830929769203067,1.0107719767838717
fdb74041-f113-4d3d-a5c7-d8defd974c81,ar-dist-0629,3756035.838019445,3756036.2392435893,3756036.5495690294,3901,34,0.40122414426878095,0.3103254400193691
746c8013-39c3-475f-b711-05dd687db642,ar-dist-0063,3756035.615933301,3756035.830020888,3756036.848975578,1501,83,0.2140875868499279,1.018954690080136
9f0bf6df-dbe0-42e7-9fd9-d1112703dd0a,ar-dist-0247,3756035.726672521,3756035.894601674,3756036.9798663836,2501,66,0.16792915295809507,1.08526470977813
0e185e82-1964-4228-9e68-c0b88e837463,ar-dist-0270,3756036.059974928,3756036.420619446,3756037.6238943036,3251,55,0.3606445179320872,1.2032748577184975
acd79fbf-31b5-41ce-88cc-a93de07b0879,ar-dist-0248,3756035.949654249,3756036.282884566,3756037.625440979,2501,81,0.3332303171046078,1.3425564127974212
eb97f5ac-754a-4a30-a8dc-e3fb11ff47c7,ar-dist-0185,3756036.170725269,3756036.469115419,3756037.6255397,2501,59,0.29839015007019043,1.1564242811873555
c092986a-730f-42e5-ba7b-34aa47881645,ar-dist-0788,3756036.283966548,3756036.8053113106,3756037.9792533647,3901,57,0.5213447627611458,1.173942054156214
1c173da7-86ed-4c1b-9e9f-adcbb5419cf8,ar-dist-0176,3756037.281927743,3756037.977846072,3756038.393046093,2501,30,0.6959183290600777,0.41520002111792564
b344aafd-bc5d-4623-bf89-d6e3b3624e54,ar-dist-0945,3756036.837492079,3756037.541330409,3756038.435553373,3901,38,0.7038383297622204,0.8942229640670121
786399ea-ce8d-4ca0-bb15-92c476b2ddb1,ar-dist-0372,3756036.726592259,3756037.40680845,3756038.468017981,3741,43,0.6802161908708513,1.0612095310352743
726b3525-ee8c-48e8-8e9f-f39d88d383a6,ar-dist-0790,3756037.171554994,3756037.87535556,3756038.603589111,3901,43,0.7038005660288036,0.7282335511408746
3fbaad17-f8c4-4b61-b3d7-0bf171dc6917,ar-dist-0545,3756036.615861,3756037.230385391,3756038.6872509583,3741,51,0.6145243910141289,1.4568655672483146
033963c9-cd12-46a7-a36d-a45f566c9b1f,ar-dist-0430,3756036.393979667,3756036.9311553426,3756039.1394097866,3741,66,0.5371756753884256,2.208254443947226
a721e386-acde-4a77-a67a-880b8f42c9cf,ar-dist-0399,3756037.393710556,3756038.160400858,3756039.139489136,3741,47,0.7666903021745384,0.9790882780216634
a5afb0c6-411b-4d67-bb5d-2ce4b3a4e27e,ar-dist-0768,3756037.504764906,3756038.212734282,3756039.236552508,3901,50,0.707969375886023,1.0238182260654867
35270542-c45d-46b0-8e3d-a32df80317b6,ar-dist-0381,3756036.504161246,3756037.05642088,3756039.238007713,3741,83,0.552259633783251,2.181586833205074
b5424ad1-9671-4857-af82-8203b98603c4,ar-dist-0804,3756037.616397619,3756038.392741832,3756039.630288963,3901,54,0.7763442131690681,1.237547131255269
2c74f2d7-f311-4a72-baa4-8cd80ab7bdac,ar-dist-0032,3756038.281861172,3756038.739107401,3756039.6606042343,851,44,0.45724622905254364,0.9214968332089484
c1737f13-ff7f-4a3a-94d9-15e14543b81f,ar-dist-0133,3756037.838057525,3756038.466689475,3756039.6609998806,1501,48,0.6286319498904049,1.1943104057572782
4434491b-e97c-44e3-974f-a8fcaf8ba419,ar-dist-0481,3756038.059716603,3756038.686613935,3756039.744210098,3741,40,0.6268973322585225,1.057596162892878
bf7c2287-1a6d-4f78-a06c-a102a4891882,ar-dist-0517,3756038.838317759,3756039.658545497,3756040.0014732177,3741,31,0.8202277380041778,0.3429277208633721
91dbb06a-051e-4e74-bc16-c670c36c471a,ar-dist-0557,3756037.949352835,3756038.5512513956,3756040.035477309,3741,63,0.6018985607661307,1.4842259134165943
87bf02b1-199b-464c-99ea-c30978c1c5c8,ar-dist-0439,3756038.726677688,3756039.629148297,3756040.1759938127,3741,48,0.9024706091731787,0.5468455157242715
a85f1656-d3b1-47cc-8edb-e326caff62f9,ar-dist-1000,3756038.616056162,3756039.4277036516,3756040.1847669827,6001,46,0.8116474896669388,0.7570633310824633
d73d52d6-0644-4162-b0b7-9d423d71625c,ar-dist-0983,3756037.726960686,3756038.435256632,3756040.2330663423,3901,97,0.7082959460094571,1.7978097102604806
b75f4a66-32f2-489c-81ee-1ae4e75aa202,ar-dist-0554,3756039.504050015,3756040.0888132667,3756040.3727332647,3741,31,0.5847632517106831,0.2839199979789555
95e32e58-f124-4590-a463-6d458bf8d3fe,ar-dist-0832,3756038.949336776,3756039.743645826,3756040.450266129,3901,55,0.7943090498447418,0.7066203029826283
5e7a726c-a590-4300-8df3-dce3875b3518,ar-dist-0085,3756039.393240097,3756039.999377449,3756040.450317938,1501,46,0.6061373520642519,0.45094048883765936
b9363fb8-401b-4052-8d37-1b88f29e360e,ar-dist-0257,3756037.059770722,3756037.792714365,3756040.498449309,3251,88,0.7329436428844929,2.705734943971038
21e45009-2427-4f94-b9c8-6107a572d846,ar-dist-0933,3756038.505416365,3756039.2375273015,3756040.7186139026,3901,63,0.7321109366603196,1.481086601037532
e35f10fb-c445-4da6-b7eb-7468e13be6de,ar-dist-0904,3756036.948933881,3756037.624084234,3756040.718702063,3901,94,0.6751503529958427,3.09461782919243
a993d5dd-de4e-41f0-9f23-4b3b3359002a,ar-dist-0059,3756039.615365733,3756040.0876532216,3756040.7799031436,1501,46,0.4722874886356294,0.6922499220818281
2026dbdc-5c52-48da-830c-99659a993c2f,ar-dist-0314,3756038.171036704,3756038.740252814,3756040.779781265,3251,79,0.5692161098122597,2.0395284513942897
25dd71f8-373d-4f78-b1d8-dc182a7253b9,ar-dist-0235,3756039.837544726,3756040.184345441,3756040.810560835,2501,44,0.34680071473121643,0.6262153941206634
6cdf19e5-121a-4fc8-a42d-38d06a6a7b8b,ar-dist-0001,3756039.171033511,3756039.9096641843,3756040.853382396,851,61,0.7386306733824313,0.9437182117253542
8b6e8646-30f3-43fd-bef4-e4292c8b9f83,ar-dist-0148,3756039.949040334,3756040.232594891,3756040.8535386072,2501,57,0.2835545567795634,0.6209437162615359
7895c61d-4f9e-4c2b-8c42-adbeeed148c4,ar-dist-0175,3756040.060082391,3756040.370366715,3756040.889406405,2501,43,0.310284323990345,0.5190396900288761
22e9d029-9ada-4234-accb-1c5af7caa55e,ar-dist-0265,3756039.726468489,3756040.174581969,3756041.10680002,3251,66,0.448113480117172,0.9322180510498583
39fdb1d5-7790-45a7-adfb-2d4d0c99bd46,ar-dist-0812,3756040.504857089,3756040.841479987,3756041.10688411,3901,33,0.3366228980012238,0.2654041228815913
653619ef-7e10-4786-95eb-0afe2e2ef8ed,ar-dist-0994,3756039.28246042,3756039.951744834,3756041.234936521,4051,91,0.6692844140343368,1.2831916869617999
a9e430d8-2932-4d51-b8a5-7837c0c997a1,ar-dist-0123,3756040.615268822,3756040.841176434,3756041.287243052,1501,33,0.2259076121263206,0.44606661796569824
9b42572f-d4df-48fd-94f7-729e0dd0cae5,ar-dist-0536,3756040.171170728,3756040.7166343178,3756041.2872976735,3741,48,0.545463589951396,0.570663355756551
06b6e759-953a-4c09-9d84-1a6ad2a5660d,ar-dist-0640,3756039.059550311,3756039.910261795,3756041.491362304,3901,84,0.8507114839740098,1.5811005090363324
73d82b3e-e59d-451b-9805-962d3ac015a7,ar-dist-0646,3756040.39319144,3756040.821874143,3756041.595759708,3901,51,0.42868270305916667,0.773885564878583
bb553e0d-7097-412e-8f8b-bb57542bc5e8,ar-dist-0611,3756038.393231142,3756039.036245594,3756041.5959214065,3741,75,0.6430144519545138,2.5596758127212524
4e4f93b5-fda7-4247-97c1-47f67035b90a,ar-dist-0355,3756040.282509666,3756040.809537832,3756042.156829537,3741,63,0.5270281662233174,1.3472917047329247
749ee8aa-6eb1-403c-998e-ca51b4e45095,ar-dist-0785,3756041.059965786,3756041.665938138,3756042.2874330953,3901,43,0.6059723519720137,0.6214949572458863
b4e78057-148a-4bd2-9037-bc7e85de3358,ar-dist-0649,3756041.392969761,3756042.033216421,3756042.504427334,3901,39,0.6402466599829495,0.4712109128013253
5180f422-4d94-4d5a-994b-c3c59b74f53b,ar-dist-0434,3756040.949853563,3756041.4904949423,3756042.5046891463,3741,51,0.5406413790769875,1.014194204006344
0de4f7dd-5795-4452-8467-58ac1f1efac9,ar-dist-0942,3756040.837903765,3756041.364548427,3756042.504766656,3901,53,0.5266446620225906,1.140218229033053
7445a138-fb7e-44de-8de2-1059e90ada62,ar-dist-0025,3756040.726289158,3756040.8888487136,3756042.7462245566,851,87,0.1625595553778112,1.8573758429847658
f86b8d99-3f9f-41a7-bb95-b5888344a5e6,ar-dist-0369,3756041.171814284,3756041.841794695,3756042.7466948484,3741,54,0.669980410952121,0.9049001536332071
17747b6e-bce0-4e3c-b7aa-d59a135225a3,ar-dist-0087,3756041.726348206,3756042.155665933,3756042.953614083,1501,45,0.4293177272193134,0.7979481499642134
39c8dadf-8a53-4eba-bb12-267af96c0a0b,ar-dist-0934,3756041.282403748,3756041.94702962,3756042.958672511,3901,55,0.6646258719265461,1.0116428909823298
ccb68ac9-d7a0-4cc1-a2c7-1c44bd0a63bf,ar-dist-0532,3756041.615390272,3756042.156263715,3756042.968794133,3741,47,0.5408734432421625,0.8125304179266095
600c599e-ca70-41e5-84ab-343e1e9c1ccf,ar-dist-0303,3756042.061180823,3756042.672207265,3756043.275519995,3251,37,0.6110264421440661,0.603312729857862
c83b157d-29de-4aa8-b6b3-2928042c473a,ar-dist-0741,3756042.171295224,3756042.82746812,3756043.4439649344,3901,44,0.6561728958040476,0.6164968144148588
7c7c6d7a-9643-47cd-b093-09f945ff2a71,ar-dist-0483,3756042.282748809,3756042.902530237,3756043.4440252455,3741,42,0.6197814280167222,0.5414950083941221
f7dfbd9c-9190-400c-b8ad-644595dce14e,ar-dist-0590,3756042.615230418,3756043.0069058477,3756043.4903405258,3741,31,0.39167542988434434,0.483434678055346
416d3a6d-fa0a-401f-9ddf-b3e5e8107630,ar-dist-0230,3756042.504830177,3756042.9583454677,3756043.573313916,2501,39,0.45351529074832797,0.6149684484116733
26b95ba3-f5e2-4be0-b18d-d9942e3bc042,ar-dist-0242,3756041.949386057,3756042.423942203,3756043.626122518,2501,69,0.4745561461895704,1.202180314809084
10ebf87d-d703-4fd0-99c7-fb490abd7409,ar-dist-0920,3756042.39300683,3756042.9529396202,3756043.843079123,3901,63,0.5599327902309597,0.8901395029388368
e70d901b-dc83-40f7-b033-1ef8b0678730,ar-dist-0004,3756042.726611603,3756043.006588258,3756044.098567276,851,55,0.27997665479779243,1.0919790179468691
88502d06-4e7f-42c3-80f7-7d20d56dfecf,ar-dist-0443,3756041.505797413,3756042.122005654,3756044.267565546,3741,86,0.6162082408554852,2.1455598920583725
fe5d2da4-d3a8-4e52-8a91-5681ad22a4db,ar-dist-0547,3756042.948504326,3756043.443367741,3756044.33709854,3741,48,0.4948634151369333,0.8937307987362146
02fa8ae0-82c0-4c4b-9039-ef4ebb189426,ar-dist-0707,3756043.060374432,3756043.5729080955,3756044.3735479894,3901,46,0.5125336637720466,0.8006398938596249
6548ddfd-3c6e-496f-bd40-1e5150f4e66b,ar-dist-0223,3756043.171414154,3756043.624168802,3756044.373664561,2501,41,0.452754647936672,0.7494957591407001
86ff5b04-dc91-4e78-af5e-461d77b81a1f,ar-dist-0371,3756043.281970495,3756043.842742412,3756044.6333689033,3741,38,0.5607719169929624,0.790626491419971
0b871d1a-d978-4c9b-815a-842fc9af4212,ar-dist-0266,3756041.83748303,3756042.368088009,3756045.2952381787,3251,91,0.5306049790233374,2.927150169853121
5d9d7b92-20b6-4ae0-8b4d-4ff231835847,ar-dist-0897,3756044.06032409,3756044.6323923813,3756045.398609564,3901,40,0.5720682912506163,0.7662171828560531
31de8a63-21fb-4214-89c1-f76d52ce0b08,ar-dist-0693,3756043.504745393,3756044.1869896133,3756045.682803805,3901,60,0.6822442202828825,1.4958141916431487
a95b4ddc-c951-4e25-bd91-c583574eacde,ar-dist-0066,3756043.949387339,3756044.5025113584,3756045.782108553,1501,59,0.5531240194104612,1.279597194865346
ef403672-981c-4e83-b8d3-0407d098892a,ar-dist-0690,3756043.726629086,3756044.3720822046,3756045.888416649,3901,64,0.6454531187191606,1.516334444284439
bcffb1b0-d3a8-4faa-bb0e-b33c21ef4695,ar-dist-0081,3756044.172047844,3756044.713500123,3756046.169673026,1501,47,0.5414522788487375,1.4561729030683637
0626435f-f757-41e1-8b2f-18715e668811,ar-dist-0712,3756043.615791204,3756044.335748226,3756046.170439178,3901,61,0.7199570219963789,1.8346909522078931
d60486b4-a9ab-47dc-8a78-36b5c23e159c,ar-dist-0385,3756044.282419363,3756044.847148376,3756046.2721579173,3741,43,0.5647290130145848,1.4250095412135124
41980358-6a87-4c50-8e06-8a606492bfde,ar-dist-0358,3756044.393321904,3756045.0133213266,3756046.464355448,3741,57,0.6199994226917624,1.4510341212153435
0921e546-e036-4161-b8fe-3d4abef8ead7,ar-dist-0198,3756042.837940776,3756043.139573542,3756046.672144989,2501,114,0.3016327661462128,3.532571447081864
f96625f3-7a37-48c1-ab81-477a22bac898,ar-dist-0455,3756044.948520016,3756045.78027847,3756046.6722274777,3741,40,0.8317584539763629,0.8919490077532828
3fe77632-5d8f-4af4-8755-ce39e17d9368,ar-dist-0728,3756044.837646847,3756045.682316413,3756046.757026302,3901,45,0.8446695660240948,1.0747098890133202
6cf1ddb2-088e-401e-9be0-edf8a71f7533,ar-dist-0508,3756044.615496696,3756045.398312874,3756046.955198369,3741,54,0.7828161781653762,1.556885494850576
c4ff1f3b-c0e8-4c2d-8baf-2efbc9c54cf3,ar-dist-0807,3756045.615124076,3756046.565748275,3756047.133274382,3901,28,0.9506241986528039,0.5675261071883142
842b9ffe-a1bc-4432-b037-cc932b9bdb8f,ar-dist-0630,3756045.393154798,3756046.270165781,3756047.2134250603,3901,35,0.8770109829492867,0.943259279243648
a5d40a1b-e96e-4d70-831c-3e4e87674183,ar-dist-0632,3756043.838040998,3756044.501924068,3756047.2136144615,3901,84,0.6638830699957907,2.7116903932765126
7384eef4-5275-4fcf-b063-ea9ed3d9e75c,ar-dist-0628,3756044.504847986,3756045.20313163,3756047.4178428072,3901,68,0.6982836439274251,2.214711177162826
0f3e946c-5ea9-4e38-9070-94cfec474b77,ar-dist-0902,3756045.282234598,3756046.1681501227,3756047.420202736,3901,50,0.8859155247919261,1.252052613068372
ecd6460e-1d7e-4061-a0b3-e6633af4fad4,ar-dist-0376,3756044.726592956,3756045.4850997254,3756047.4201696953,3741,67,0.7585067693144083,1.935069969855249
c14cc6fe-1e52-4a6b-8325-b1f6deaf510e,ar-dist-0714,3756045.170800617,3756046.069194963,3756047.420323736,3901,59,0.8983943462371826,1.3511287728324533
1dd8aca0-3536-46aa-b90f-a146c580fe4c,ar-dist-0601,3756045.837574564,3756046.756329519,3756047.7094403342,3741,42,0.9187549552880228,0.953110815025866
1520cfcc-5770-482f-ada4-cc61e1cdae2c,ar-dist-0927,3756045.5047898,3756046.363945055,3756047.709728756,3901,47,0.8591552549041808,1.3457837011665106
d3c0c741-58ae-4b98-a45a-b8a1f945b23f,ar-dist-0760,3756043.39374144,3756044.01388585,3756047.910049807,3901,74,0.620144410058856,3.8961639567278326
6e0a68c8-a572-4b64-82d6-84bca2f53820,ar-dist-0587,3756046.393498019,3756047.3177315537,3756048.1006415277,3741,34,0.9242335348390043,0.7829099739901721
799e69f6-b783-4fc6-89cc-41f49d52e42e,ar-dist-0406,3756045.059683367,3756045.887514296,3756048.100867639,3741,62,0.8278309288434684,2.2133533428423107
820b4180-fdb9-4df8-b5d4-f593f3c8fbe8,ar-dist-0005,3756046.83754201,3756047.60522531,3756048.386660255,851,35,0.7676833001896739,0.7814349448308349
86709b3b-6ca4-482b-ae6e-d41407cb7a37,ar-dist-0657,3756046.060246804,3756047.039494311,3756048.386848437,3901,49,0.979247507173568,1.347354126162827
16ffbef1-6464-4ad2-a837-19d45d443508,ar-dist-0226,3756046.615095564,3756047.5199349863,3756048.5764951822,2501,41,0.9048394220881164,1.0565601959824562
3a3d1aad-13c5-45b5-a904-653db1d73651,ar-dist-0568,3756045.726268075,3756046.671423677,3756048.67553527,3741,59,0.9451556019484997,2.0041115931235254
79266df0-9052-4b02-aa06-e723a124a7ee,ar-dist-0476,3756046.17062886,3756047.130592793,3756048.7801992353,3741,60,0.9599639330990613,1.649606442078948
898bfa94-0046-4b18-8963-6d6551c6a1ee,ar-dist-0965,3756046.726762244,3756047.605646252,3756048.7802863442,3901,45,0.878884008154273,1.1746400920674205
a383626a-e20e-4b47-bbcd-d729ff9389c4,ar-dist-0913,3756045.948900684,3756046.9539930345,3756048.984004486,3901,71,1.0050923507660627,2.0300114513374865
3fd6be60-fd3e-41f4-b5e5-dabf6fbcb581,ar-dist-0644,3756047.059850576,3756047.909710736,3756048.984354556,3901,52,0.8498601601459086,1.0746438200585544
ed16ff18-e532-4f21-9786-a6d8357eeaa3,ar-dist-0437,3756047.282151591,3756048.1997845047,3756049.06356496,3741,37,0.9176329136826098,0.863780455198139
8d688bc5-2126-4aad-b174-0a0d3f6a591c,ar-dist-0249,3756047.948514231,3756048.779399953,3756049.0636504297,2501,27,0.8308857218362391,0.28425047686323524
b19ec8b5-4499-47c1-8014-0b50b90030f5,ar-dist-0678,3756047.170712813,3756047.990873276,3756049.166084427,3901,51,0.8201604629866779,1.1752111511304975
cd0682e0-173d-4cc3-a909-e9287fc6c660,ar-dist-0667,3756046.949518171,3756047.8056902434,3756049.233275501,3901,58,0.8561720722354949,1.4275852576829493
8812cb4d-4686-4108-8a44-119f0293ae23,ar-dist-0837,3756047.726220168,3756048.5743642272,3756049.2770654215,3901,34,0.8481440590694547,0.7027011942118406
ba6f09fb-2ea6-4785-8810-6fca1defd112,ar-dist-0705,3756047.393582239,3756048.279818532,3756049.416006874,3901,53,0.8862362932413816,1.1361883417703211
920d21bc-e118-4498-99fc-de52ed2997f8,ar-dist-0747,3756048.393292166,3756049.164799872,3756049.601729586,3901,34,0.771507706027478,0.43692971393465996
31f2f069-05c9-4bd4-9dd2-4fd3e5448b27,ar-dist-0708,3756048.059856797,3756048.844423179,3756049.671211108,3901,45,0.7845663819462061,0.8267879290506244
2272902e-1669-4fb8-91b4-1b1d7eff712e,ar-dist-0343,3756047.838062137,3756048.6749376887,3756049.6713217488,3741,48,0.8368755518458784,0.996384060010314
1c86c53e-c05f-42eb-acb4-d4f7f199b0d7,ar-dist-0581,3756046.504851329,3756047.41855232,3756049.847646059,3741,78,0.913700990844518,2.429093739017844
a611c4c2-eae5-4876-8446-b930d49f00c7,ar-dist-0028,3756046.282671532,3756047.1329482514,3756049.9878751654,851,80,0.8502767193131149,2.8549269139766693
993791cd-07a8-4412-8ce2-7f473bdd1187,ar-dist-0976,3756048.28219336,3756049.063284237,3756050.034275712,3901,56,0.7810908770188689,0.9709914750419557
e16edd33-b2a8-4b80-bfaa-9351bc31461f,ar-dist-0716,3756047.504976409,3756048.3860703553,3756050.065263993,3901,68,0.8810939462855458,1.6791936377994716
e2ba390d-ea48-40fe-8a55-830ca3f30143,ar-dist-0524,3756048.727027245,3756049.359527455,3756050.065645575,3741,48,0.6325002103112638,0.7061181198805571
2edd59e7-b38e-4582-b023-5ae0cc31628e,ar-dist-0047,3756048.615956949,3756049.232011936,3756050.065700173,1501,55,0.6160549870692194,0.8336882367730141
3239b5ba-315e-4bac-bf3d-d9f08c00a7fa,ar-dist-0348,3756048.171493166,3756048.98248496,3756050.071002491,3741,65,0.8109917938709259,1.0885175308212638
9564cf94-944a-41c4-a370-24a7df2ae81d,ar-dist-0131,3756047.616876417,3756048.4714941867,3756050.0710984305,1501,54,0.8546177698299289,1.5996042438782752
19e07251-9593-433b-9ad3-3c2f6b10e3c4,ar-dist-0493,3756048.837832448,3756049.496161931,3756050.257856335,3741,59,0.6583294831216335,0.7616944038309157
06f5dfab-9600-4d60-8752-a572aee096bc,ar-dist-0780,3756049.171522644,3756049.8468423476,3756050.2580935056,3901,47,0.6753197037614882,0.4112511579878628
6568e8ad-584d-427e-bb37-0958eaf94fc5,ar-dist-0067,3756049.948884142,3756050.078974095,3756050.392176172,1501,30,0.1300899530760944,0.3132020770572126
d10bcb03-8603-485a-87e9-87872acce928,ar-dist-0307,3756049.726878065,3756050.060651618,3756050.52014789,3251,43,0.33377355290576816,0.4594962717965245
d85379df-a719-4835-90bf-047d73cb904f,ar-dist-0300,3756049.504847588,3756050.040919024,3756050.52025563,3251,45,0.5360714360140264,0.4793366058729589
c98b8336-f94c-40e2-b3fa-0a16a5ee8dfb,ar-dist-0700,3756049.393257383,3756050.013372229,3756050.731853243,3901,55,0.6201148461550474,0.7184810140170157
86e3efb9-6613-47f6-97c0-a63516ae97f6,ar-dist-0492,3756048.948774912,3756049.599256429,3756051.082577952,3741,58,0.6504815169610083,1.4833215232938528
82b5dd52-191c-40cc-807a-d9d30442f2da,ar-dist-0003,3756049.838091499,3756050.069580546,3756051.534306995,851,60,0.23148904694244266,1.4647264489904046
bd5efd93-236b-468b-b1b0-070dcf47d06e,ar-dist-0518,3756049.282481338,3756049.987266894,3756051.6123090507,3741,76,0.7047855560667813,1.6250421567820013
25d762ee-ccf2-452c-bdbd-53339226c3d7,ar-dist-0808,3756050.170826158,3756050.731126078,3756051.677993309,3901,49,0.5602999199181795,0.9468672312796116
c1170258-7078-4df7-9ffe-cf9de387b7ad,ar-dist-0429,3756050.948724489,3756051.677349857,3756051.989482363,3741,30,0.7286253678612411,0.31213250616565347
390306a7-0213-4a2b-b8f4-4912774aa055,ar-dist-0110,3756048.504537002,3756049.231117032,3756052.0711261993,1501,79,0.7265800298191607,2.8400091673247516
b63081ee-8562-4c63-aa9b-bad720d06773,ar-dist-0981,3756050.061611791,3756050.6023284825,3756052.2822241182,3901,67,0.5407166914083064,1.6798956356942654
8a4a0bbb-d903-491c-8a22-7b51514bb995,ar-dist-0582,3756050.393581327,3756051.0815713312,3756052.282362639,3741,52,0.687990004196763,1.2007913077250123
08b81f37-70b4-4a25-993c-73682d772431,ar-dist-0137,3756049.059871247,3756049.670284615,3756052.41887327,1501,117,0.6104133678600192,2.748588655143976
84d0f041-911a-44c3-bbed-90f029c50750,ar-dist-0687,3756050.504079208,3756051.278435264,3756052.4980818387,3901,62,0.7743560560047626,1.2196465749293566
ab9ebe06-da9b-4e6d-aeef-b7e767d601b3,ar-dist-0888,3756050.616714387,3756051.378321932,3756052.594113294,3901,63,0.7616075449623168,1.2157913618721068
24623f7b-c6b9-4c89-b063-61fcc45b3b50,ar-dist-0404,3756050.282538694,3756050.907334088,3756052.651802374,3741,69,0.6247953940182924,1.7444682861678302
7815c6c8-136b-4e69-8084-4e30aeb9d6c2,ar-dist-0044,3756051.281787724,3756051.853308593,3756052.6971550467,1501,49,0.5715208691544831,0.8438464538194239
8e828b1e-9b7c-4f0b-b6cb-06c7b91ca923,ar-dist-0989,3756050.837405646,3756051.6110170092,3756052.833784397,4051,63,0.7736113630235195,1.2227673879824579
83f285c2-72f3-4b04-8b56-3bd1f75fa48c,ar-dist-0665,3756051.39378217,3756051.9874112867,3756052.963789646,3901,55,0.5936291166581213,0.9763783593662083
5427b1ea-b133-4aef-ab73-0ddb3355bfb8,ar-dist-0800,3756051.615724353,3756052.1515972367,3756052.963883937,3901,47,0.5358728836290538,0.8122867001220584
832f06c1-1b85-40d7-bb2d-abd0fc62fd67,ar-dist-0290,3756049.616126673,3756050.050047245,3756052.963939216,3251,81,0.4339205720461905,2.9138919711112976
c58b65d1-461c-4277-b4a0-a7aed3c6f518,ar-dist-0304,3756052.059974896,3756052.6496760887,3756053.0963696335,3251,29,0.5897011929191649,0.44669354474171996
97e87747-4ec9-422d-b19c-8c01f2791189,ar-dist-0943,3756051.726242262,3756052.280945244,3756053.1752056805,3901,47,0.5547029818408191,0.8942604367621243
83f6f495-3200-4906-b082-a7c96fcb3c9d,ar-dist-0008,3756051.949957638,3756052.417483745,3756053.3529695002,851,47,0.46752610709518194,0.9354857550933957
ccdd9159-c81f-49af-8361-72d498f89660,ar-dist-0937,3756051.838289176,3756052.417019174,3756053.613770431,3901,54,0.5787299978546798,1.1967512569390237
9a6213b5-5c34-44f6-811a-24628c43408b,ar-dist-0282,3756052.282434038,3756052.914713421,3756053.767169791,3251,43,0.6322793830186129,0.8524563699029386
e1e7796d-c1da-489d-ae7e-f442b83bac7b,ar-dist-0915,3756052.393610699,3756052.961408337,3756053.767300221,3901,46,0.5677976380102336,0.8058918840251863
b8ecf329-7a5d-43b2-aca2-835f429bf4e4,ar-dist-0863,3756052.17187168,3756052.781769754,3756053.966351857,3901,54,0.6098980740644038,1.1845821030437946
ef76c15e-94e5-4fb8-a021-81edbffd0020,ar-dist-0539,3756052.838250971,3756053.50858733,3756054.160131214,3741,33,0.67033635918051,0.6515438840724528
caa73d00-2903-4179-8952-d42e745d4f86,ar-dist-0293,3756051.171101853,3756051.853598353,3756054.160292173,3251,82,0.6824965002015233,2.3066938198171556
07ed26a1-2b5d-4d1a-81f0-c35691541d7c,ar-dist-0814,3756052.61554933,3756053.1756020533,3756054.260415398,3901,39,0.5600527231581509,1.084813344758004
c980f64d-0e12-492e-ad51-abf3d73cf56e,ar-dist-0606,3756052.726599239,3756053.3521760367,3756054.6604797198,3741,47,0.6255767978727818,1.308303683064878
608dace2-9e37-46b5-bc47-c70c35050361,ar-dist-0094,3756051.5041556,3756051.98851892,3756054.660552831,1501,73,0.48436331981793046,2.6720339111052454
74cbf35e-454f-472f-9f74-a78fb2b7acb6,ar-dist-0719,3756052.94936323,3756053.6830025357,3756054.750103829,3901,41,0.7336393059231341,1.0671012932434678
f617a772-a206-4c19-aeae-0377866c2383,ar-dist-0620,3756053.060160488,3756053.766146727,3756054.84335728,3901,41,0.7059862390160561,1.0772105529904366
8ec20f70-5bda-472e-80a1-f481cc7f1aa1,ar-dist-0195,3756053.170919507,3756053.868032167,3756054.845656939,2501,40,0.6971126603893936,0.9776247716508806
2ef29132-b326-4f12-8706-22d382979681,ar-dist-0104,3756052.50450863,3756053.0437711277,3756054.8457822287,1501,67,0.5392624977976084,1.8020111010409892
57882536-447d-4189-b2ae-b84442ff14cf,ar-dist-0323,3756050.727191737,3756051.5316280867,3756054.9310156447,3251,86,0.8044363497756422,3.399387557990849
3b6d91cf-84bf-4786-a5c3-0cc7418b119e,ar-dist-0959,3756051.0597243,3756051.7085513854,3756055.2196449963,3901,88,0.6488270852714777,3.5110936108976603
31943780-7642-49f8-8aac-6d262aa1fca8,ar-dist-0803,3756053.615241404,3756054.4606027133,3756055.6134232744,3901,42,0.8453613091260195,1.152820561081171
7fcf137c-5066-44ae-a1c9-0743906a97a5,ar-dist-0500,3756053.949282662,3756054.844040493,3756055.6136013567,3741,37,0.8947578310035169,0.7695608637295663
b1eee806-2e25-4d54-8d02-6c5d51556e7e,ar-dist-0345,3756053.393447177,3756054.159246339,3756055.679829411,3741,54,0.765799161978066,1.5205830722115934
1434d8f8-4500-4ad5-a356-a9a2e87ef113,ar-dist-0356,3756053.504758617,3756054.3678306933,3756055.6799047613,3741,49,0.8630720763467252,1.3120740680024028
1a828252-4c28-438b-b763-31ba5957ba14,ar-dist-0662,3756053.281898557,3756054.067837103,3756055.761855308,3901,62,0.7859385455958545,1.6940182051621377
f77d2ce9-adbe-4ec2-a70b-aa1ec1ccfdcf,ar-dist-0660,3756053.837881323,3756054.748502855,3756055.966265644,3901,51,0.9106215322390199,1.2177627887576818
a31c8bce-7e64-4aa7-b156-db8f531e20ee,ar-dist-0889,3756053.726395513,3756054.57058457,3756056.051467479,3901,45,0.8441890571266413,1.4808829091489315
2e04e9e3-08b9-4881-9d50-f47e661f4cd5,ar-dist-0340,3756054.06025669,3756054.9296708107,3756056.4093896127,3741,55,0.8694141209125519,1.4797188020311296
1f0f9619-f9de-4a54-b8da-0b5d5286f2f2,ar-dist-0574,3756054.281865404,3756055.2190658343,3756056.5008109864,3741,52,0.9372004303149879,1.2817451520822942
10b808e0-d416-414a-a181-23ba131a2c4d,ar-dist-0156,3756054.838647076,3756055.679149809,3756056.526447176,2501,48,0.84050273289904,0.8472973671741784
7e08cb6b-39d8-44a3-97e1-cf392a66dbde,ar-dist-0891,3756054.61528544,3756055.507965558,3756056.566298251,3901,44,0.8926801183260977,1.0583326928317547
67901cbe-3263-4a4e-a885-b914f11b0a00,ar-dist-0594,3756054.170745446,3756055.030016355,3756056.654456594,3741,65,0.8592709093354642,1.6244402388110757
1acf8745-4c67-4709-a20c-cfbef0846469,ar-dist-0553,3756055.171540676,3756056.0504744654,3756056.967752015,3741,52,0.8789337892085314,0.9172775498591363
2a915960-262e-4ee3-8eed-04fac9103c9c,ar-dist-0859,3756054.727239189,3756055.6117261713,3756056.9681245172,3901,62,0.8844869821332395,1.3563983459025621
f38076f8-aead-4712-a06f-e870d6db1c73,ar-dist-0204,3756055.394623044,3756056.111139686,3756057.106716647,2501,42,0.7165166418999434,0.995576960965991
f7591c05-e06c-46a4-9d62-388c7c247a06,ar-dist-0241,3756055.948504909,3756056.516603578,3756057.1068263273,2501,41,0.5680986689403653,0.5902227493934333
5cb17015-4451-4a57-b51e-480316b1cca8,ar-dist-0073,3756055.726483738,3756056.409080813,3756057.106895808,1501,46,0.6825970751233399,0.697814994957298
ee47cf62-9eb9-4b23-b962-1c6047a61934,ar-dist-0245,3756054.504088071,3756055.4087555674,3756057.18576072,2501,69,0.9046674962155521,1.7770051527768373
00ef33ad-c491-49ff-b534-67a09c4a04ab,ar-dist-0423,3756055.06044428,3756055.965931924,3756057.289056132,3741,57,0.905487644020468,1.323124208021909
781bd19c-64eb-41ef-80a4-9d61a513126f,ar-dist-0962,3756055.504513146,3756056.270070078,3756057.4419801747,3901,56,0.7655569319613278,1.1719100968912244
cc48f4d3-a482-4413-af72-512a10dc673f,ar-dist-0811,3756054.393567715,3756055.321051593,3756057.546230838,3901,89,0.9274838780984282,2.2251792452298105
3d4ec54e-a975-4dbc-af63-3ec16596bbce,ar-dist-0666,3756055.838355206,3756056.500502706,3756057.834395768,3901,68,0.6621475000865757,1.333893062081188
103e9f23-f645-4d20-a7ef-68f3fd1a79aa,ar-dist-0120,3756056.282097526,3756056.695306151,3756057.8344358173,1501,46,0.41320862527936697,1.139129666145891
9721d0c6-dce8-4665-951a-3f0574dcea01,ar-dist-0898,3756055.615054481,3756056.331744782,3756058.004087053,3901,64,0.716690300963819,1.6723422706127167
12af37c8-f194-4a92-9775-3554b296f3e1,ar-dist-0074,3756055.282122992,3756056.051032037,3756058.0042557223,1501,56,0.7689090450294316,1.9532236852683127
ecdd60b0-0a75-4b15-85be-e74181d4d724,ar-dist-0055,3756056.393634113,3756056.7793581607,3756058.0876814188,1501,50,0.3857240476645529,1.3083232580684125
e188a871-b9f7-4f16-be26-ece4bbb111c0,ar-dist-0935,3756056.726773368,3756057.3568595815,3756058.1926249242,3901,41,0.630086213350296,0.8357653426937759
e09ca9d1-91fa-4c55-a2b7-2f4e6d65e2d2,ar-dist-0510,3756054.948499809,3756055.761267374,3756058.29200689,3741,63,0.8127675647847354,2.530739516019821
b98f81c2-7736-45f6-82b6-0d13bf61a2f0,ar-dist-0717,3756057.171526377,3756058.003640872,3756058.292172212,3901,24,0.8321144948713481,0.2885313401930034
b42a02ef-a354-4ec0-96e9-5cbf6cf85966,ar-dist-0284,3756056.504206768,3756057.049536229,3756058.5115726097,3251,56,0.5453294613398612,1.4620363805443048
5d5447df-dfbb-476b-82e3-e5ce864f337d,ar-dist-0475,3756056.949101418,3756057.7407659376,3756058.5116384197,3741,41,0.7916645198129117,0.770872482098639
e5a84e59-cbda-4803-9248-c5b9b4a72919,ar-dist-0694,3756056.838278584,3756057.5443034135,3756058.6154231196,3901,42,0.7060248292982578,1.071119706146419
42235d67-f938-4e49-8828-61a586dc4e63,ar-dist-0939,3756056.059868325,3756056.566060571,3756058.680446771,3901,75,0.5061922459863126,2.1143861999735236
43bb390b-aa15-4c99-819f-571ffe04a1cc,ar-dist-0696,3756056.171787414,3756056.69483609,3756059.256098102,3901,62,0.523048676084727,2.5612620119936764
51e50cd5-5bad-4d77-91be-ea4ebde79b98,ar-dist-0339,3756057.28235188,3756058.087330489,3756059.354830755,3741,49,0.804978609085083,1.2675002659671009
64caf0b1-12c5-443f-bb0b-e454336fa739,ar-dist-0661,3756057.837953519,3756058.6137793544,3756059.456215597,3901,40,0.7758258352987468,0.8424362428486347
c924555b-b944-437e-8c78-5f53b9cf05e6,ar-dist-0347,3756057.504467549,3756058.3912525987,3756059.557807499,3741,51,0.8867850499227643,1.1665549003519118
12dd1d26-3190-4de4-b480-2c327a32772a,ar-dist-0906,3756057.05999359,3756057.8338116943,3756059.5580118983,3901,53,0.7738181040622294,1.7242002040147781
79526f96-6ed2-44cc-bed6-c24cb4e3d913,ar-dist-0158,3756057.615721163,3756058.391649279,3756059.646706731,2501,44,0.7759281159378588,1.2550574522465467
5667e86c-8616-4e28-ba18-bd8916c69e12,ar-dist-0480,3756056.615793424,3756057.185009789,3756059.646790761,3741,81,0.5692163649946451,2.4617809718474746
2242e7c4-38b2-48a4-b7fd-0048325444ae,ar-dist-0244,3756057.726924557,3756058.428050223,3756059.746053287,2501,55,0.7011256660334766,1.3180030640214682
74f6e792-e244-4224-b986-290e4654c9c1,ar-dist-0604,3756057.393635025,3756058.1905812477,3756060.0814657826,3741,62,0.7969462228938937,1.890884534921497
a21b93c7-40e9-4b3b-a6fa-a19674c68947,ar-dist-0107,3756058.171641149,3756058.8647347763,3756060.0820669453,1501,43,0.6930936272256076,1.2173321689479053
1ee0ab8b-1170-43e3-a430-9911d6d0be61,ar-dist-0512,3756058.393751355,3756059.153230894,3756060.2975791967,3741,52,0.7594795390032232,1.1443483028560877
587829be-519d-4309-a82d-9c94d2fc98a9,ar-dist-0751,3756058.504458958,3756059.352622819,3756060.297783218,3901,33,0.8481638613156974,0.9451603987254202
69569ba4-746d-4b9f-b7d0-909bf0c45c6e,ar-dist-0595,3756058.61560675,3756059.455252083,3756060.6560083143,3741,39,0.839645333122462,1.2007562313228846
5f771a1d-6715-4e84-a658-fb3dc7128205,ar-dist-0782,3756057.948986502,3756058.679663397,3756060.755056166,3901,56,0.7306768950074911,2.0753927691839635
9ac896b4-d539-4a90-abee-b965f94407e1,ar-dist-0867,3756058.837852843,3756059.7443084503,3756060.948005803,3901,42,0.9064556071534753,1.2036973526701331
e5759d66-dcce-4ac6-8b0a-480b5e8aed18,ar-dist-0826,3756058.948810036,3756059.841341139,3756061.0485698637,3901,51,0.892531102988869,1.2072287248447537
30401597-09e3-4ab5-8eaf-5a2b2782c9a3,ar-dist-0433,3756058.282168701,3756059.064552291,3756061.048765592,3741,72,0.7823835900053382,1.9842133009806275
681b04a8-2ce3-45c1-b3ce-67177da59a0b,ar-dist-0016,3756059.504645475,3756060.2972817444,3756061.3492669193,851,40,0.7926362692378461,1.051985174883157
410df5e4-6743-460a-9d80-a2b49ada534a,ar-dist-0507,3756058.726896373,3756059.556196514,3756061.349355961,3741,58,0.8293001409620047,1.793159447144717
6949c447-85ed-4857-a0c5-d440340b4d33,ar-dist-0363,3756058.060040025,3756058.7620492997,3756061.5454322686,3741,85,0.7020092746242881,2.7833829689770937
c055f1ba-5630-4881-80a8-d47f13864a39,ar-dist-0879,3756059.060588448,3756059.9418099937,3756061.6522524417,3901,56,0.8812215458601713,1.7104424480348825
5f0a2747-8825-41f7-96f7-5e2bda6b8469,ar-dist-0418,3756059.171012569,3756060.081179074,3756061.735419527,3741,58,0.9101665047928691,1.6542404531501234
ba00026f-72be-48c3-97ed-09f85fa7ad4b,ar-dist-0616,3756060.39371106,3756061.244849561,3756062.082479442,3901,39,0.8511385009624064,0.837629881221801
1670087c-6d5d-48db-9a1f-81fb27bbb8ab,ar-dist-0918,3756060.082160997,3756060.8546590824,3756062.0825466444,3901,53,0.7724980851635337,1.2278875620104373
52c9c2dc-0ef9-4dc9-921f-9566f7600ca5,ar-dist-0599,3756059.726375226,3756060.550198272,3756062.266008083,3741,60,0.8238230459392071,1.7158098109066486
31d12722-931b-4a96-a416-86150e1bf940,ar-dist-0495,3756059.393387342,3756060.297060982,3756062.266070549,3741,69,0.9036736399866641,1.969009567052126
bdc80128-d346-460f-81eb-adacf1b9d72c,ar-dist-0132,3756059.837945908,3756060.5497443588,3756062.2662325916,1501,57,0.711798450909555,1.7164882328361273
f62cf7b3-904b-4730-93bc-0e11099cae51,ar-dist-0297,3756060.17152727,3756060.9467861215,3756062.3808602514,3251,61,0.7752588512375951,1.434074129909277
bbe79ad4-647b-43d2-85bb-7b7c07cbe689,ar-dist-0338,3756059.948748997,3756060.754743724,3756062.408003563,3741,57,0.8059947271831334,1.6532598389312625
85686d74-c322-48e0-aeaf-9bc159dfe12f,ar-dist-0426,3756060.505751295,3756061.348906579,3756062.4134497913,3741,44,0.8431552839465439,1.0645432122983038
8fab1da9-8c31-4464-871c-b4b26ffb5b78,ar-dist-0541,3756061.615863094,3756062.3805426513,3756062.4441571943,3741,29,0.7646795571781695,0.06361454306170344
addcc4b7-4a41-44e1-bfd9-bb3b9d3cb35a,ar-dist-0344,3756059.615507806,3756060.399006607,3756062.482341959,3741,77,0.7834988008253276,2.0833353521302342
9d82a4e4-6240-41f4-9253-e85ed83e27c2,ar-dist-0569,3756060.948340607,3756061.8289261227,3756062.4925813917,3741,46,0.880585515871644,0.6636552689597011
52d0c713-5955-46fa-a51f-ef226e572885,ar-dist-0593,3756060.281879597,3756061.145697208,3756062.510370613,3741,61,0.8638176112435758,1.3646734049543738
c5e51ea9-2a7e-4abe-a439-52967a5868a5,ar-dist-0748,3756060.615914031,3756061.545145368,3756062.510520585,3901,64,0.9292313372716308,0.9653752166777849
e88e6119-63ef-4685-9d82-02584088066f,ar-dist-0731,3756061.060200788,3756062.028911929,3756062.518153708,3901,59,0.9687111410312355,0.4892417788505554
9e6416d7-4c76-43fe-81d3-2aa6bd29661d,ar-dist-0090,3756061.726707331,3756062.379889667,3756062.5272126747,1501,53,0.6531823361292481,0.14732300769537687
aef15396-5154-4b4e-9aff-10025f1df92b,ar-dist-0349,3756060.726505838,3756061.651688601,3756062.527912806,3741,52,0.9251827630214393,0.8762242048978806
051a1c0c-65d1-4768-bfef-3666d46fced5,ar-dist-0108,3756061.838080109,3756062.406251577,3756062.5281022782,1501,50,0.5681714680977166,0.12185070104897022
fd74e6b1-5d60-4da9-ba7e-d7b6d091fe9a,ar-dist-0798,3756061.504287544,3756062.297070425,3756062.528135568,3901,42,0.7927828808315098,0.23106514289975166
212075d7-90cd-463a-9e0f-852a0c21f23a,ar-dist-0162,3756062.060288865,3756062.432004735,3756062.5351939197,2501,46,0.37171586975455284,0.10318918479606509
6fa9dfee-1c25-4315-ac40-613fedfefa2d,ar-dist-0210,3756061.392848814,3756062.159362587,3756062.5435008467,2501,68,0.766513773240149,0.38413825957104564
31b9dd53-04a2-41f6-bd30-db213d32de8d,ar-dist-0650,3756062.171437543,3756062.4531018897,3756062.5578884077,3901,51,0.2816643468104303,0.1047865180298686
9d967db1-4c2d-44ee-80a1-cd0299dd5aaa,ar-dist-0899,3756059.283625026,3756060.1964069554,3756062.5721863927,3901,96,0.9127819295972586,2.375779437366873
f9571778-7283-483c-9309-f198139f09a7,ar-dist-0113,3756061.282259045,3756062.079995624,3756062.579485394,1501,58,0.7977365786209702,0.49948977027088404
4ba49e18-f17e-44c4-910f-dd35cc09c3f3,ar-dist-0987,3756061.171067196,3756062.0810306687,3756062.607313159,4051,64,0.9099634727463126,0.5262824902310967
865cc470-cd1c-464a-82e7-c0bf10fdddbd,ar-dist-0580,3756060.837803039,3756061.7331158305,3756062.6345623215,3741,81,0.8953127916902304,0.9014464910142124
9a97bb46-6486-48d7-8b0d-741073636527,ar-dist-0436,3756061.948863787,3756062.422470969,3756062.654413002,3741,68,0.4736071820370853,0.23194203292950988
